{
  "snapshot_date": "2026-07-06",
  "n_programs": 178,
  "K_SERIOUS": 2,
  "M4_k": 9.741084414143007,
  "M4_p0": 0.3805610148293729,
  "M4_n_programs_used_for_variance": 123,
  "M4_n_programs_with_budget_data": 125
}